{"rsi_norm_1":0.0,"rsi_norm_2":3.1658002736,"mfi_norm_1":0.0,"mfi_norm_2":6.0519536155,"tv_norm_1":0.0,"tv_norm_2":0.0,"regrs_norm_1":0.0,"regrs_norm_2":0.0773012646,"sma_norm_1":0.0022806365,"sma_norm_2":0.0012825461,"cci_norm_1":0.0,"cci_norm_2":17.611593961}