{"rsi":54.9,"mfi":64.265029,"regrs":0.191601,"cci":52.631579,"rsi_norm_0":4.7992125984,"rsi_norm_1":5.925984252,"rsi_norm_2":7.1362204724,"rsi_norm_3":8.3464566929,"rsi_norm_4":9.6401574803,"rsi_norm_5":11.0173228346,"rsi_norm_6":12.4362204724,"rsi_norm_7":13.8968503937,"rsi_norm_8":17.068503937,"rsi_norm_9":16.442519685,"mfi_norm_0":3.3234477909,"mfi_norm_1":4.4254354218,"mfi_norm_2":5.5261688512,"mfi_norm_3":6.6265184109,"mfi_norm_4":7.727353503,"mfi_norm_5":8.8295439944,"mfi_norm_6":9.9339634712,"mfi_norm_7":11.0414914089,"mfi_norm_8":12.1530150313,"mfi_norm_9":12.151248952,"williams_0":-100.0,"williams_1":-100.0,"williams_2":-100.0,"williams_3":-85.714286,"williams_4":-62.5,"williams_5":-44.444444,"williams_6":-30.0,"williams_7":-18.181818,"williams_8":0.0,"williams_9":0.0,"tv_norm_0":0.0,"tv_norm_1":0.0,"tv_norm_2":0.0,"tv_norm_3":0.0,"tv_norm_4":0.0,"tv_norm_5":0.0,"tv_norm_6":0.0,"tv_norm_7":0.0,"tv_norm_8":0.0,"tv_norm_9":0.0,"regrs_norm_0":0.000423781,"regrs_norm_1":0.0002784143,"regrs_norm_2":0.0000928284,"regrs_norm_3":0.0,"regrs_norm_4":0.0001157601,"regrs_norm_5":0.0003115742,"regrs_norm_6":0.0004581106,"regrs_norm_7":0.0005407768,"regrs_norm_8":0.0005789694,"regrs_norm_9":0.0005807712,"sma_norm_0":0.0257542829,"sma_norm_1":0.0264500549,"sma_norm_2":0.0268681028,"sma_norm_3":0.0270064776,"sma_norm_4":0.0268681028,"sma_norm_5":0.0264500549,"sma_norm_6":0.0257542829,"sma_norm_7":0.0247798123,"sma_norm_8":0.0235266432,"sma_norm_9":0.0218564006,"cci_norm_0":-277.7978496027,"cci_norm_1":-300.9073868566,"cci_norm_2":-321.3252926503,"cci_norm_3":-340.9848621908,"cci_norm_4":-361.2415033263,"cci_norm_5":-382.5751405073,"cci_norm_6":-404.545122839,"cci_norm_7":-429.2279966814,"cci_norm_8":-463.8293604945,"cci_norm_9":-462.7550738213}